run_id,triggered_at,id,kind,raw_content
3d74674c-5797-4c47-82a4-557b9164bcfb,2026-08-25T12:14:44.002705+00:00,sbv_press_releases_official,qualitative,
b9125bb2-efbb-4c0b-af18-5302ddb71693,2026-08-26T04:38:58.347685+00:00,sbv_press_releases_official,qualitative,
270ec165-2a32-4229-ac29-53cc130bf728,2026-08-26T05:06:17.508901+00:00,sbv_press_releases_official,qualitative,
08dc61d8-a2f9-4f99-984a-717b730b2eea,2026-08-26T12:18:23.696263+07:00,sbv_press_releases_official,qualitative,
6ca38ecf-ca5a-4449-a6ca-8af9f084f771,2026-08-26T15:28:09.118743+07:00,sbv_press_releases_official,qualitative,"Developments in Money Market and Inter-bank Market (August 10-14, 2026)
(24/08/2026)
Developments of interest rates applied by credit institutions July 2026
(20/08/2026)
Developments in Money Market and Inter-bank Market (August 3-7, 2026)
(14/08/2026)
Developments in Money Market and Inter-bank Market (July 27-31, 2026)
(07/08/2026)
Developments in Money Market and Inter-bank Market (July 20-24, 2026)
(31/07/2026)
Developments in Money Market and Inter-bank Market (July 13-17, 2026)
(24/07/2026)
Developments of interest rates applied by credit institutions (June 2026)
(24/07/2026)
Developments in Money Market and Inter-bank Market (July 6-10, 2026)
(20/07/2026)
Developments in Money Market and Inter-bank Market (June 29 - July 3, 2026)
(10/07/2026)
Developments in Money Market and Inter-bank Market (June 22-26, 2026)
(09/07/2026)
Developments in Money Market and Inter-bank Market (June 15-19, 2026)
(26/06/2026)
Developments of interest rates applied by credit institutions (May 2026)
(22/06/2026)
Developments in Money Market and Inter-bank Market (June 8-12, 2026)
(19/06/2026)
Developments in Money Market and Inter-bank Market (June 1-5, 2026)
(15/06/2026)
Developments in Money Market and Inter-bank Market (May 25-29, 2026)
(10/06/2026)
Developments in Money Market and Inter-bank Market (May 18-22, 2026)
(29/05/2026)
Developments in Money Market and Inter-bank Market (May 11-15, 2026)
(22/05/2026)
Developments of interest rates applied by credit institutions (April 2026)
(22/05/2026)
Developments in Money Market and Inter-bank Market (May 4-8, 2026)
(19/05/2026)
Developments in Money Market and Inter-bank Market (April 28-29, 2026)
(07/05/2026)"
